{"stat.craftItem.minecraft.stone_slab":10,"stat.chestOpened":3,"stat.walkOneCm":33495,"stat.craftItem.minecraft.hardened_clay":12,"stat.craftItem.minecraft.sign":14,"stat.craftItem.minecraft.ladder":128,"stat.leaveGame":6,"stat.killEntity.Slime":3,"stat.craftItem.minecraft.wool":4916,"stat.pickup.minecraft.string":1,"stat.jump":124,"stat.climbOneCm":1143,"stat.craftItem.minecraft.lever":1,"stat.crouchOneCm":7866,"stat.craftItem.minecraft.redstone":69,"stat.craftItem.minecraft.torch":92,"stat.craftItem.minecraft.chest":1,"stat.sprintOneCm":6222,"achievement.exploreAllBiomes":{"value":0,"progress":["Plains"]},"stat.craftItem.minecraft.stained_hardened_clay":879,"achievement.openInventory":239,"stat.pickup.minecraft.repeater":1,"stat.craftItem.minecraft.armor_stand":5,"stat.pickup.minecraft.bucket":1,"stat.craftItem.minecraft.wooden_button":2,"stat.dispenserInspected":62,"stat.mobKills":3,"stat.drop.minecraft.dispenser":1,"stat.flyOneCm":427688,"stat.drop":1,"stat.playOneMinute":153267,"stat.sneakTime":8226,"stat.damageDealt":90,"stat.craftItem.minecraft.dispenser":63,"stat.pickup.minecraft.redstone":9,"stat.timeSinceDeath":153267,"stat.craftItem.minecraft.anvil":1,"stat.craftItem.minecraft.repeater":10,"stat.pickup.minecraft.dispenser":1}